{"metadata":{"asset_id":"8198ee78-1195-4022-86a9-0042b2515af7","asset_attributes":["data_asset"],"name":"Spacex.csv","asset_type":"data_asset","created_at":"2021-08-24T20:24:27Z","description":"","origin_country":"us","owner_id":"IBMid-662001S6C9","project_id":"3047835d-7b72-4788-91e8-26928c45e056","size":11860,"tags":[],"usage":{"last_update_time":1629836683872,"last_updated_at":"2021-08-24T20:24:43Z"}},"entity":{"data_asset":{"mime_type":"text/csv","dataset":false}},"attachments":[{"id":"2455223c-b356-4fdc-a0ed-24a49685d3bf","version":2,"asset_type":"data_asset","name":"Spacex.csv","mime":"text/csv","datasource_type":"193a97c1-4475-4a19-b90c-295c4fdc6517","object_key":"Spacex.csv","creator_id":"IBMid-662001S6C9","create_time":1629836683872,"size":11860,"is_remote":false,"is_managed":false,"is_referenced":true,"is_object_key_read_only":true,"is_user_provided_path_key":true,"transfer_complete":true,"is_partitioned":false,"complete_time_ticks":1629836683872,"user_data":{},"test_doc":0,"handle":{"bucket":"capstoneibmcoursera-donotdelete-pr-yw79nj0fcigau5","location":"us-geo","key":"Spacex.csv","upload_id":"done","max_part_num":1},"usage":{"access_count":0,"last_accessor_id":"IBMid-662001S6C9","last_access_time":1629836683872}}]}
