{"metadata":{"asset_id":"d31adcb3-4fc7-4bbb-8c87-af86a49fa468","asset_attributes":["notebook"],"name":"jupyter-labs-spacex-data-collection-api","asset_type":"notebook","created_at":"2021-08-24T16:45:16Z","description":"","origin_country":"us","owner_id":"IBMid-662001S6C9","project_id":"3047835d-7b72-4788-91e8-26928c45e056","size":18515,"tags":["notebook"],"usage":{"last_update_time":1629824857930,"last_updated_at":"2021-08-24T17:07:37Z"}},"entity":{"notebook":{"kernel":{"name":"python3","display_name":"Python 3.8","language":"python"},"originates_from":{"type":"blank"},"runtime":{"environment":"conda2py38-3047835d-7b72-4788-91e8-26928c45e056"}}},"attachments":[{"id":"e1780778-17e8-4dc2-924e-8569bb0b6dec","version":2,"asset_type":"notebook","name":"attachment for notebook d31adcb3-4fc7-4bbb-8c87-af86a49fa468","description":"attachment for notebook d31adcb3-4fc7-4bbb-8c87-af86a49fa468","mime":"application/json","datasource_type":"193a97c1-4475-4a19-b90c-295c4fdc6517","object_key":"notebook/jupyter-labs-spacex-data-collection-api_VbYdiDR-R.ipynb","creator_id":"IBMid-662001S6C9","create_time":1629823517508,"size":18515,"is_remote":false,"is_managed":false,"is_referenced":true,"is_object_key_read_only":false,"is_user_provided_path_key":true,"transfer_complete":true,"is_partitioned":false,"complete_time_ticks":1629823517508,"user_data":{},"test_doc":0,"handle":{"bucket":"capstoneibmcoursera-donotdelete-pr-yw79nj0fcigau5","location":"us-geo","key":"notebook/jupyter-labs-spacex-data-collection-api_VbYdiDR-R.ipynb","upload_id":"done","max_part_num":1},"usage":{"access_count":0,"last_accessor_id":"IBMid-662001S6C9","last_access_time":1629823517508}}]}
