{"metadata":{"asset_id":"8d146800-6ba4-45bc-8c7a-bc109d2f2e81","asset_attributes":["notebook"],"name":"folium","asset_type":"notebook","created_at":"2021-08-24T21:02:51Z","description":"","origin_country":"us","owner_id":"IBMid-662001S6C9","project_id":"3047835d-7b72-4788-91e8-26928c45e056","size":17255,"tags":["notebook"],"usage":{"last_update_time":1629840300293,"last_updated_at":"2021-08-24T21:25:00Z"}},"entity":{"notebook":{"kernel":{"name":"python3","display_name":"Python 3.8","language":"python"},"originates_from":{"type":"blank"},"runtime":{"environment":"conda2py38-3047835d-7b72-4788-91e8-26928c45e056"}}},"attachments":[{"id":"550313d7-a68e-438f-9605-72ff8911687f","version":2,"asset_type":"notebook","name":"attachment for notebook 8d146800-6ba4-45bc-8c7a-bc109d2f2e81","description":"attachment for notebook 8d146800-6ba4-45bc-8c7a-bc109d2f2e81","mime":"application/json","datasource_type":"193a97c1-4475-4a19-b90c-295c4fdc6517","object_key":"notebook/folium_QMhIG8vNb.ipynb","creator_id":"IBMid-662001S6C9","create_time":1629838971481,"size":17255,"is_remote":false,"is_managed":false,"is_referenced":true,"is_object_key_read_only":false,"is_user_provided_path_key":true,"transfer_complete":true,"is_partitioned":false,"complete_time_ticks":1629838971481,"user_data":{},"test_doc":0,"handle":{"bucket":"capstoneibmcoursera-donotdelete-pr-yw79nj0fcigau5","location":"us-geo","key":"notebook/folium_QMhIG8vNb.ipynb","upload_id":"done","max_part_num":1},"usage":{"access_count":0,"last_accessor_id":"IBMid-662001S6C9","last_access_time":1629838971481}}]}
