{"metadata":{"asset_id":"821a847f-33ab-403a-a197-16d93699d853","asset_attributes":["notebook"],"name":"Machine Learning Prediction","asset_type":"notebook","created_at":"2021-08-24T22:32:14Z","description":"","origin_country":"us","owner_id":"IBMid-662001S6C9","project_id":"3047835d-7b72-4788-91e8-26928c45e056","size":16107,"tags":["notebook"],"usage":{"last_update_time":1629928775510,"last_updated_at":"2021-08-25T21:59:35Z"}},"entity":{"notebook":{"kernel":{"name":"python3","display_name":"Python 3.8","language":"python"},"originates_from":{"type":"blank"},"runtime":{"environment":"conda2py38-3047835d-7b72-4788-91e8-26928c45e056"}}},"attachments":[{"id":"b853db5b-08aa-4386-8845-d05394b3195f","version":2,"asset_type":"notebook","name":"attachment for notebook 821a847f-33ab-403a-a197-16d93699d853","description":"attachment for notebook 821a847f-33ab-403a-a197-16d93699d853","mime":"application/json","datasource_type":"193a97c1-4475-4a19-b90c-295c4fdc6517","object_key":"notebook/Machine_Learning_Prediction_G_7qEBgGy.ipynb","creator_id":"IBMid-662001S6C9","create_time":1629844335275,"size":16107,"is_remote":false,"is_managed":false,"is_referenced":true,"is_object_key_read_only":false,"is_user_provided_path_key":true,"transfer_complete":true,"is_partitioned":false,"complete_time_ticks":1629844335275,"user_data":{},"test_doc":0,"handle":{"bucket":"capstoneibmcoursera-donotdelete-pr-yw79nj0fcigau5","location":"us-geo","key":"notebook/Machine_Learning_Prediction_G_7qEBgGy.ipynb","upload_id":"done","max_part_num":1},"usage":{"access_count":0,"last_accessor_id":"IBMid-662001S6C9","last_access_time":1629844335275}}]}
