{"metadata":{"asset_id":"83fd9f6f-4492-4002-91fe-805aaed9996d","asset_attributes":["notebook"],"name":"Data Collection with Web Scraping","asset_type":"notebook","created_at":"2021-08-24T16:46:09Z","description":"","origin_country":"us","owner_id":"IBMid-662001S6C9","project_id":"3047835d-7b72-4788-91e8-26928c45e056","size":16791,"tags":["notebook"],"usage":{"last_update_time":1629830169047,"last_updated_at":"2021-08-24T18:36:09Z"}},"entity":{"notebook":{"kernel":{"name":"python3","display_name":"Python 3.8","language":"python"},"originates_from":{"type":"blank"},"runtime":{"environment":"conda2py38-3047835d-7b72-4788-91e8-26928c45e056"}}},"attachments":[{"id":"4c7cee01-1223-47fc-aa00-266b6658b4c0","version":2,"asset_type":"notebook","name":"attachment for notebook 83fd9f6f-4492-4002-91fe-805aaed9996d","description":"attachment for notebook 83fd9f6f-4492-4002-91fe-805aaed9996d","mime":"application/json","datasource_type":"193a97c1-4475-4a19-b90c-295c4fdc6517","object_key":"notebook/Data_Collection_with_Web_Scraping_KKB6Np8Ga.ipynb","creator_id":"IBMid-662001S6C9","create_time":1629823570096,"size":16791,"is_remote":false,"is_managed":false,"is_referenced":true,"is_object_key_read_only":false,"is_user_provided_path_key":true,"transfer_complete":true,"is_partitioned":false,"complete_time_ticks":1629823570096,"user_data":{},"test_doc":0,"handle":{"bucket":"capstoneibmcoursera-donotdelete-pr-yw79nj0fcigau5","location":"us-geo","key":"notebook/Data_Collection_with_Web_Scraping_KKB6Np8Ga.ipynb","upload_id":"done","max_part_num":1},"usage":{"access_count":0,"last_accessor_id":"IBMid-662001S6C9","last_access_time":1629823570096}}]}
