{"metadata":{"asset_id":"5801a8ae-823b-486d-a23c-324eac887152","asset_attributes":["notebook"],"name":"EDA with data vis","asset_type":"notebook","created_at":"2021-08-24T21:47:52Z","description":"","origin_country":"us","owner_id":"IBMid-662001S6C9","project_id":"3047835d-7b72-4788-91e8-26928c45e056","size":13742,"tags":["notebook"],"usage":{"last_update_time":1629842052392,"last_updated_at":"2021-08-24T21:54:12Z"}},"entity":{"notebook":{"kernel":{"name":"python3","display_name":"Python 3.8","language":"python"},"originates_from":{"type":"blank"},"runtime":{"environment":"conda2py38-3047835d-7b72-4788-91e8-26928c45e056"}}},"attachments":[{"id":"efe0c604-a100-4834-955f-e34b85564f52","version":2,"asset_type":"notebook","name":"attachment for notebook 5801a8ae-823b-486d-a23c-324eac887152","description":"attachment for notebook 5801a8ae-823b-486d-a23c-324eac887152","mime":"application/json","datasource_type":"193a97c1-4475-4a19-b90c-295c4fdc6517","object_key":"notebook/EDA_with_data_vis_y2tWd74fd.ipynb","creator_id":"IBMid-662001S6C9","create_time":1629841675026,"size":13742,"is_remote":false,"is_managed":false,"is_referenced":true,"is_object_key_read_only":false,"is_user_provided_path_key":true,"transfer_complete":true,"is_partitioned":false,"complete_time_ticks":1629841675026,"user_data":{},"test_doc":0,"handle":{"bucket":"capstoneibmcoursera-donotdelete-pr-yw79nj0fcigau5","location":"us-geo","key":"notebook/EDA_with_data_vis_y2tWd74fd.ipynb","upload_id":"done","max_part_num":1},"usage":{"access_count":0,"last_accessor_id":"IBMid-662001S6C9","last_access_time":1629841675026}}]}
