{"metadata":{"asset_id":"451a90b7-b40e-4570-b615-b78218d6189d","asset_attributes":["notebook"],"name":"EDA with SQL","asset_type":"notebook","created_at":"2021-08-24T20:23:32Z","description":"","origin_country":"us","owner_id":"IBMid-662001S6C9","project_id":"3047835d-7b72-4788-91e8-26928c45e056","size":12752,"tags":["notebook"],"usage":{"last_update_time":1629836759320,"last_updated_at":"2021-08-24T20:25:59Z"}},"entity":{"notebook":{"kernel":{"name":"python3","display_name":"Python 3.8","language":"python"},"originates_from":{"type":"blank"},"runtime":{"environment":"conda2py38-3047835d-7b72-4788-91e8-26928c45e056"}}},"attachments":[{"id":"217e1487-d3ae-4ff1-96bb-371f7a90120f","version":2,"asset_type":"notebook","name":"attachment for notebook 451a90b7-b40e-4570-b615-b78218d6189d","description":"attachment for notebook 451a90b7-b40e-4570-b615-b78218d6189d","mime":"application/json","datasource_type":"193a97c1-4475-4a19-b90c-295c4fdc6517","object_key":"notebook/EDA_with_SQL_MmrkkD8S4.ipynb","creator_id":"IBMid-662001S6C9","create_time":1629836613102,"size":12752,"is_remote":false,"is_managed":false,"is_referenced":true,"is_object_key_read_only":false,"is_user_provided_path_key":true,"transfer_complete":true,"is_partitioned":false,"complete_time_ticks":1629836613102,"user_data":{},"test_doc":0,"handle":{"bucket":"capstoneibmcoursera-donotdelete-pr-yw79nj0fcigau5","location":"us-geo","key":"notebook/EDA_with_SQL_MmrkkD8S4.ipynb","upload_id":"done","max_part_num":1},"usage":{"access_count":0,"last_accessor_id":"IBMid-662001S6C9","last_access_time":1629836613102}}]}
