{"metadata":{"asset_id":"e1770bb5-1371-404d-a7fb-ecd1c3e8c366","asset_attributes":["notebook"],"name":"capstone_notebook_week1","asset_type":"notebook","created_at":"2021-08-24T16:39:02Z","description":"","origin_country":"us","owner_id":"IBMid-662001S6C9","project_id":"3047835d-7b72-4788-91e8-26928c45e056","size":207,"tags":["notebook"],"usage":{"last_update_time":1629823298503,"last_updated_at":"2021-08-24T16:41:38Z"}},"entity":{"notebook":{"kernel":{"name":"python3","display_name":"Python 3.8","language":"python"},"originates_from":{"type":"blank"},"runtime":{"environment":"conda2py38-3047835d-7b72-4788-91e8-26928c45e056"}}},"attachments":[{"id":"56cd5ec9-dc6c-4885-885d-64b1ab512264","version":2,"asset_type":"notebook","name":"attachment for notebook e1770bb5-1371-404d-a7fb-ecd1c3e8c366","description":"attachment for notebook e1770bb5-1371-404d-a7fb-ecd1c3e8c366","mime":"application/json","datasource_type":"193a97c1-4475-4a19-b90c-295c4fdc6517","object_key":"notebook/capstone_notebook_week1_hVqtHdVrj.ipynb","creator_id":"IBMid-662001S6C9","create_time":1629823145788,"size":207,"is_remote":false,"is_managed":false,"is_referenced":true,"is_object_key_read_only":false,"is_user_provided_path_key":true,"transfer_complete":true,"is_partitioned":false,"complete_time_ticks":1629823145788,"user_data":{},"test_doc":0,"handle":{"bucket":"capstoneibmcoursera-donotdelete-pr-yw79nj0fcigau5","location":"us-geo","key":"notebook/capstone_notebook_week1_hVqtHdVrj.ipynb","upload_id":"done","max_part_num":1},"usage":{"access_count":0,"last_accessor_id":"IBMid-662001S6C9","last_access_time":1629823145788}}]}
